[{"start":"2025-04-14","end":"2025-04-25","year":2025,"stateCode":"RP","name":"osterferien rheinland-pfalz 2025","slug":"osterferien rheinland-pfalz 2025-2025-RP"},{"start":"2025-07-07","end":"2025-08-15","year":2025,"stateCode":"RP","name":"sommerferien rheinland-pfalz 2025","slug":"sommerferien rheinland-pfalz 2025-2025-RP"},{"start":"2025-10-13","end":"2025-10-24","year":2025,"stateCode":"RP","name":"herbstferien rheinland-pfalz 2025","slug":"herbstferien rheinland-pfalz 2025-2025-RP"},{"start":"2025-12-22","end":"2026-01-07","year":2025,"stateCode":"RP","name":"weihnachtsferien rheinland-pfalz 2025","slug":"weihnachtsferien rheinland-pfalz 2025-2025-RP"},]
